{"cameraMode":{"drawMode":0,"name":"Shaded","section":"Shading Mode"},"sceneLighting":true,"audioPlay":false,"sceneViewState":{"showFog":true,"showMaterialUpdate":false,"showSkybox":true,"showFlares":true,"showImageEffects":true,"showParticleSystems":true},"in2DMode":false,"pivot":{"x":3.941135883331299,"y":17.303192138671876,"z":-2.0616302490234377},"rotation":{"x":0.6263024210929871,"y":-0.2717844247817993,"z":0.2476150095462799,"w":0.6874353885650635},"size":52.35807800292969,"orthographic":false}